time,event
537.8999315202236,1
3912.0831940555945,1
4239.427185850218,1
8141.156445327215,1
6081.0132472077385,1
1024.2500805296004,1
4918.534937407821,1
5139.4988297484815,1
6902.830424066633,0
9488.81587262731,0
